Cell_Barcode	Gene	Molecular_Barcode	Num_Reads	Num_Gapped_Reads	Contig	Position_Min	Position_Max	Read_Positive_Strand
AACAAACGTTCTCACC	AC025594.3	TACATTACAGCT	1	0	chr7	128871935	128872024	true
AACAAACGTTCTCACC	ACOT13	AGAGTAATATGA	1	0	chr6	24703998	24704087	true
AACAAACGTTCTCACC	AFF4	TAAACTGTTTAA	1	0	chr5	132963273	132963362	false
AACAAACGTTCTCACC	AJAP1	CCGGATTATTGC	1	0	chr1	4787154	4787243	true
AACAAACGTTCTCACC	AL137782.1	GCACAAGGCCAA	1	0	chr13	75805520	75805609	true
AACAAACGTTCTCACC	AL645728.1	CTGCGATTACGG	1	0	chr1	1575361	1575450	true
AACAAACGTTCTCACC	ALDOA	CTTCTGCAATGG	1	0	chr16	30070159	30070248	true
ACCAAACGTTCTCACC	AC025594.3	TACATTACAGCT	1	0	chr7	128871935	128872024	true
ACCAAACGTTCTCACC	ACOT13	AGAGTAATATGA	1	0	chr6	24703998	24704087	true
ACCAAACGTTCTCACC	AFF4	TAAACTGTTTAA	1	0	chr5	132963273	132963362	false
ACCAAACGTTCTCACC	AJAP1	CCGGATTATTGC	1	0	chr1	4787154	4787243	true
ACCAAACGTTCTCACC	AL137782.1	GCACAAGGCCAA	1	0	chr13	75805520	75805609	true
ACCAAACGTTCTCACC	AL645728.1	CTGCGATTACGG	1	0	chr1	1575361	1575450	true
ACCAAACGTTCTCACC	ALDOA	CTTCTGCAATGG	1	0	chr16	30070159	30070248	true
ACCAAACGTTCTCACC	ALG1L9P	CCAGCGCTAATT	1	0	chr11	71794474	71794537	false
ACCAAACGTTCTCACC	ANKRD10	AATTTTATGAAT	1	0	chr13	110878581	110878670	false
ACCAAACGTTCTCACC	ANKRD10-IT1	ATCCTCGTTCTG	1	0	chr13	110894886	110894975	false
ACCAAACGTTCTCACC	AP3B2	ACTCGGATACCT	1	0	chr15	82659361	82659450	false
ACCAAACGTTCTCACC	APBA2	CATCCTGCGGGC	1	0	chr15	28886134	28886195	true
ACCAAACGTTCTCACC	ARGLU1	ACGAGTATTGCC	1	0	chr13	106567712	106567801	false
ACCAAACGTTCTCACC	ARHGEF3	TATTTGTCTGAG	1	0	chr3	56729211	56729299	false
ACCAAACGTTCTCACC	ARNT2	TGCTATCTTAAC	1	1	chr15	80404489	80450911	true
ACCAAACGTTCTCACC	ARPP21	CTGTGTTAATTG	1	0	chr3	35639872	35639933	true
ACCAAACGTTCTCACC	ATAD1	AGAAGACGGCCG	1	0	chr10	87753873	87753962	false
ACCAAACGTTCTCACC	ATP9B	AGCAAGCACCGA	1	0	chr18	79069393	79069455	true
ACCAAACGTTCTCACC	BCL2L2-PABPN1	TGCAGTATTCTG	1	0	chr14	23324155	23324244	true
ACCAAACGTTCTCACC	BRD1	GCACTCATTTCG	1	0	chr22	49824195	49824284	false
ACCAAACGTTCTCACC	C19orf66	AAAATTTGGCAA	1	0	chr19	10092663	10092722	true
ACCAAACGTTCTCACC	CACNA1A	TCACCTCCATAC	1	0	chr19	13450765	13450823	false
ACCAAACGTTCTCACC	CAMK1D	ATGATGGTAACA	1	0	chr10	12835281	12835370	true
ACCAAACGTTCTCACC	CAPZB	GCATGCTTAGAT	1	1	chr1	19345194	19356665	false
ACCAAACGTTCTCACC	CBL	TAACCCTATGAT	1	0	chr11	119307559	119307618	true
ACCAAACGTTCTCACC	CCDC3	GACATGGCTCAC	1	1	chr10	12998489	13001262	false
ACCAAACGTTCTCACC	CCDC84	TCTCTAGGGTCC	1	0	chr11	119010067	119010156	true
ACCAAACGTTCTCACC	CDK16	CAGGGACCATAC	1	0	chrX	47229559	47229618	true
ACCAAACGTTCTCACC	CELF2	GCAAGGCATTGT	1	0	chr10	11333034	11333100	true
ACCAAACGTTCTCACC	CFDP1	GAGTAGTACGAC	1	0	chr16	75394947	75395036	false
ACCAAACGTTCTCACC	CIAO1	ATCTTAAAGTAT	1	0	chr2	96272903	96272992	true
ACCAAACGTTCTCACC	CREBZF	ATTCACCACCGA	1	0	chr11	85661817	85661906	false
ACCAAACGTTCTCACC	CRYM	GCCCATCCCCAG	1	1	chr16	21269806	21275535	false
ACCAAACGTTCTCACC	CSMD3	TTTATCGACTAG	1	0	chr8	112223058	112223147	false
ACCAAACGTTCTCACC	CTXN1	CCACGCAACTGT	1	1	chr19	7925526	7926023	false
ACCAAACGTTCTCACC	DAAM1	CATATCTACATG	1	0	chr14	59370869	59370958	true
ACCAAACGTTCTCACC	DCLK1	GTCACCTTAGCC	1	0	chr13	35771515	35771604	false
ACCAAACGTTCTCACC	DDHD1	AATACGACATTA	1	0	chr14	53040522	53040611	false
ACCAAACGTTCTCACC	DDX5	ACTCGAAAGTCC	1	0	chr17	64499768	64499832	false
ACCAAACGTTCTCACC	DNAJB14	CGGAATTGATAC	1	0	chr4	99900671	99900760	false
ACCAAACGTTCTCACC	DOCK4	TTCATTTCAGGA	1	1	chr7	111783939	111784428	false
ACCAAACGTTCTCACC	DOCK7	CGGCTCCGGTCA	1	0	chr1	62559035	62559124	false
ACCAAACGTTCTCACC	DOK6	TGCCCTCTCACT	1	0	chr18	69844260	69844349	true
ACCAAACGTTCTCACC	EPM2AIP1	TAGACCGTGTTG	1	0	chr3	36989109	36989198	false
ACCAAACGTTCTCACC	ETFRF1	ACTACCCCGGGA	1	0	chr12	25195261	25195319	true
ACCAAACGTTCTCACC	FANCA	TCACCTGCCTCC	1	0	chr16	89744873	89744935	false
ACCAAACGTTCTCACC	FKBP2	GTATCAAATGTA	1	1	chr11	64243289	64243860	true
ACCAAACGTTCTCACC	GGA3	TCTCACGGGTTT	1	0	chr17	75236723	75236812	false
ACCAAACGTTCTCACC	GNG2	GATTGCACCCAT	1	0	chr14	51966627	51966716	true
ACCAAACGTTCTCACC	GPM6A	AAACCCCACGGC	1	0	chr4	175633083	175633172	false
ACCAAACGTTCTCACC	GRIN2B	GGCTTTAATTCA	1	0	chr12	13548162	13548221	false
ACCAAACGTTCTCACC	GRIN2B	GTTAAACGCATC	1	0	chr12	13546673	13546762	false
ACCAAACGTTCTCACC	HAGH	TTTTCAACGCAC	1	0	chr16	1822120	1822209	false
ACCAAACGTTCTCACC	KCNIP4-IT1	ACGCATATTCCC	1	0	chr4	21847259	21847318	false
ACCAAACGTTCTCACC	KIAA0586	CATCCCCACCCC	1	0	chr14	58539888	58539977	true
ACCAAACGTTCTCACC	KIDINS220	TGTTGATCATCT	1	0	chr2	8724912	8725001	false
ACCAAACGTTCTCACC	LARS	ACGCACCATCAC	1	0	chr5	146177547	146177635	false
ACCAAACGTTCTCACC	LIMCH1	TAGACCTATTGC	1	0	chr4	41699520	41699609	true
ACCAAACGTTCTCACC	LINC-PINT	CCCCCCTATCGT	1	0	chr7	130944245	130944334	false
ACCAAACGTTCTCACC	LINC01352	TTAGACTGACCA	1	0	chr1	220832200	220832289	true
ACCAAACGTTCTCACC	LMO7	GCACAAGGCCAA	1	0	chr13	75805520	75805609	true
ACCAAACGTTCTCACC	LUC7L3	CGTATCATAACA	1	0	chr17	50741114	50741203	true
ACCAAACGTTCTCACC	MALAT1	AAATAGTAGATA	1	0	chr11	65499838	65499927	true
ACCAAACGTTCTCACC	MALAT1	AAATATCTGGGC	1	0	chr11	65502795	65502884	true
ACCAAACGTTCTCACC	MALAT1	AAATTAATGAAG	1	0	chr11	65500293	65500356	true
ACCAAACGTTCTCACC	MALAT1	AAGCTTTTTTCA	1	0	chr11	65499667	65499756	true
ACCAAACGTTCTCACC	MALAT1	AATCTTTTTCAA	1	0	chr11	65502753	65502842	true
ACCAAACGTTCTCACC	MALAT1	ACACATATTTAC	1	0	chr11	65501980	65502039	true
ACCAAACGTTCTCACC	MALAT1	ACCACAAAATAA	1	0	chr11	65501713	65501802	true
ACCAAACGTTCTCACC	MALAT1	ATGATTTCCTAT	1	0	chr11	65501529	65501587	true
ACCAAACGTTCTCACC	MALAT1	ATTTTAGGATTT	1	0	chr11	65504848	65504937	true
ACCAAACGTTCTCACC	MALAT1	CACTGCTCAACT	1	0	chr11	65499045	65499108	true
ACCAAACGTTCTCACC	MALAT1	CTTATTAGAATA	1	0	chr11	65499467	65499556	true
ACCAAACGTTCTCACC	MALAT1	GATCTATAGTTC	1	0	chr11	65499495	65499584	true
ACCAAACGTTCTCACC	MALAT1	GATGGAGTATGA	1	0	chr11	65502763	65502852	true
ACCAAACGTTCTCACC	MALAT1	GGATAATGAATT	1	0	chr11	65499045	65499105	true
ACCAAACGTTCTCACC	MALAT1	GGGATTTTACTA	1	0	chr11	65499306	65499395	true
ACCAAACGTTCTCACC	MALAT1	GTAATCCAGCAC	1	0	chr11	65499049	65499126	true
ACCAAACGTTCTCACC	MALAT1	TGGCCGACTACA	1	0	chr11	65499601	65499690	true
ACCAAACGTTCTCACC	MALAT1	TTCCTTAGGGCA	1	0	chr11	65499045	65499108	true
ACCAAACGTTCTCACC	MALAT1	TTCGGGTCTAAC	1	0	chr11	65499045	65499116	true
ACCAAACGTTCTCACC	MALAT1	TTTACATGCACA	1	0	chr11	65499045	65499113	true
ACCAAACGTTCTCACC	MAP1A	CGTTCTAGGAAA	1	0	chr15	43522452	43522510	true
ACCAAACGTTCTCACC	MAP1B	CATGGCAATACG	1	0	chr5	72194710	72194797	true
ACCAAACGTTCTCACC	MAP4	GCCTGTTAGCAT	1	0	chr3	48088831	48088891	false
ACCAAACGTTCTCACC	MAP6	ACACACATCTCT	1	0	chr11	75604652	75604741	false
ACCAAACGTTCTCACC	MDM4	TGTACCACTGAT	1	0	chr1	204557253	204557342	true
ACCAAACGTTCTCACC	MEG3	GGAATGGAAGTA	1	0	chr14	100860805	100860894	true
ACCAAACGTTCTCACC	MEG3	TTCTTCGCATTG	1	0	chr14	100848567	100848637	true
ACCAAACGTTCTCACC	MIS18BP1	ACTATCAGCTGT	1	0	chr14	45247055	45247144	false
ACCAAACGTTCTCACC	MOG	TATAACATTTGC	1	0	chr6	29670292	29670356	true
ACCAAACGTTCTCACC	MPHOSPH8	GGTTCCATAGCC	1	0	chr13	19647107	19647196	true
ACCAAACGTTCTCACC	MT-ATP6	AAAAGGCACGGC	1	0	chrM	9004	9093	true
ACCAAACGTTCTCACC	MT-ATP6	TCTCTCCTCTAT	1	0	chrM	8920	8980	true
ACCAAACGTTCTCACC	MT-ATP6	TTATTACATAAC	1	0	chrM	9027	9116	true
ACCAAACGTTCTCACC	MT-ND5	GTTCATAAGCTG	1	0	chrM	13040	13129	true
ACCAAACGTTCTCACC	MTX2	TAGCGATTTAAT	1	0	chr2	176337666	176337729	true
ACCAAACGTTCTCACC	MYO5A	CCGTCCCGCAGG	1	0	chr15	52410368	52410457	false
ACCAAACGTTCTCACC	MYO5C	GACAATAGCCTC	1	0	chr15	52275616	52275705	false
ACCAAACGTTCTCACC	NAB1	CTGGTTTTGTTG	1	0	chr2	190691571	190691660	true
ACCAAACGTTCTCACC	NBAS	TTCCCGCAAGCT	1	0	chr2	15474234	15474323	false
ACCAAACGTTCTCACC	NDFIP1	CTGCCATTATGG	1	0	chr5	142152662	142152751	true
ACCAAACGTTCTCACC	NPTN	ATGGATTATAGG	1	1	chr15	73573760	73587577	false
ACCAAACGTTCTCACC	NR3C1	GTGTTGTTAATG	1	0	chr5	143281248	143281337	false
ACCAAACGTTCTCACC	NUDT3	TAGCGCCTACGA	1	0	chr6	34287350	34287439	false
ACCAAACGTTCTCACC	ORAOV1	GAGTTCCTCGAA	1	0	chr11	69665974	69666033	false
ACCAAACGTTCTCACC	PABPN1	TGCAGTATTCTG	1	0	chr14	23324155	23324244	true
ACCAAACGTTCTCACC	PFN2	AACTACTACCTA	1	0	chr3	149966061	149966150	false
ACCAAACGTTCTCACC	PGAP1	CAAGTATCCGGC	1	0	chr2	196902619	196902708	false
ACCAAACGTTCTCACC	PRKAR1B	CTAAGATTGTTT	1	0	chr7	549372	549461	false
ACCAAACGTTCTCACC	PRKDC	AGCACCTCAGCT	1	1	chr8	47943994	47953673	false
ACCAAACGTTCTCACC	PSIP1	TTTATGAAACGG	1	1	chr9	15510277	15510855	false
ACCAAACGTTCTCACC	PSMA1	TCCCGTTACACA	1	0	chr11	14505056	14505117	false
ACCAAACGTTCTCACC	PTPN18	AAATTCTAATAC	1	0	chr2	130370246	130370305	true
ACCAAACGTTCTCACC	RAP1GAP2	ATGCTCGTCCAG	1	0	chr17	3037287	3037350	true
ACCAAACGTTCTCACC	RIMS1	TCTTGGTACAAA	1	0	chr6	72401942	72402031	true
ACCAAACGTTCTCACC	RN7SK	TCATTGCTAATT	1	0	chr6	52995848	52995937	true
ACCAAACGTTCTCACC	RPL10A	ACGAGTAACATC	1	0	chr6	35470220	35470309	true
ACCAAACGTTCTCACC	RPL30	CTGGAAGCGTAA	1	1	chr8	98041795	98042678	false
ACCAAACGTTCTCACC	RPL34	TGCACCACAAGG	1	1	chr4	108622183	108622582	true
ACCAAACGTTCTCACC	RPLP1	AGAGCTTATCTA	1	1	chr15	69452999	69453714	true
ACCAAACGTTCTCACC	RPS10-NUDT3	TAGCGCCTACGA	1	0	chr6	34287350	34287439	false
ACCAAACGTTCTCACC	RYR2	CAGCAGTCCGTA	1	0	chr1	237833103	237833192	true
ACCAAACGTTCTCACC	SAMD8	TCCGCCATATTA	1	0	chr10	75150538	75150627	true
ACCAAACGTTCTCACC	SDF4	TTGAGTGTAAGT	1	0	chr1	1217028	1217116	false
ACCAAACGTTCTCACC	SH3PXD2A	GATTTGGGGCGT	1	0	chr10	103601898	103601987	false
ACCAAACGTTCTCACC	SLC17A7	AATTGATTAAGT	1	1	chr19	49432633	49432881	false
ACCAAACGTTCTCACC	SLC26A10	TAGCGTCTTTAG	1	1	chr12	57625685	57626019	true
ACCAAACGTTCTCACC	SLC8A1	CCGCATTCCAGG	1	0	chr2	40451932	40452021	false
ACCAAACGTTCTCACC	SLC8A1-AS1	CCTTACAGGCAA	1	0	chr2	40114713	40114802	true
ACCAAACGTTCTCACC	SLF1	TAATCGTTCGGC	1	1	chr5	94670219	94670871	true
ACCAAACGTTCTCACC	SMC1A	CTCATGATTGTT	1	0	chrX	53376011	53376077	false
ACCAAACGTTCTCACC	SMURF1	GGCTCCATTGAC	1	1	chr7	99061834	99143811	false
ACCAAACGTTCTCACC	SNRNP70	CGAACTTGCTGC	1	1	chr19	49098444	49098683	true
ACCAAACGTTCTCACC	SPATA18	CATCAACATCGG	1	0	chr4	52096294	52096383	true
ACCAAACGTTCTCACC	SPTBN1	TCTTATGTCTCG	1	0	chr2	54653243	54653332	true
ACCAAACGTTCTCACC	SRSF11	TCCAGGCTGCAT	2	0	chr1	70221690	70221801	true
ACCAAACGTTCTCACC	SSTR2	AATTGTATCTTA	1	0	chr17	73170376	73170465	true
ACCAAACGTTCTCACC	STRN	TGATAGTCCCCG	1	0	chr2	36846227	36846316	false
ACCAAACGTTCTCACC	SV2B	TACAAAAATGTT	1	0	chr15	91300206	91300265	true
ACCAAACGTTCTCACC	SYNE1	GATTTCTAAGTC	1	0	chr6	152219023	152219112	false
ACCAAACGTTCTCACC	TMED4	ACTTCGTGTTCA	1	0	chr7	44578369	44578428	false
ACCAAACGTTCTCACC	TMEM117	GGTATGCGTGTA	1	0	chr12	44388273	44388362	true
ACCAAACGTTCTCACC	TMEM246	GACATAGCTAAA	1	0	chr9	101474673	101474747	false
ACCAAACGTTCTCACC	TMEM87A	TGCCAGCTGACT	1	0	chr15	42258664	42258728	false
ACCAAACGTTCTCACC	TMOD2	AATTAAGAGTTA	1	0	chr15	51814994	51815083	true
ACCAAACGTTCTCACC	TOMM7	GAATACTCTGGT	1	1	chr7	22818000	22822716	false
ACCAAACGTTCTCACC	TRIM27	CCAAGTCCGGAT	1	0	chr6	28903192	28903281	false
ACCAAACGTTCTCACC	TRIM44	GATCTGCCCGAC	1	0	chr11	35663226	35663315	true
ACCAAACGTTCTCACC	TRIM59	TATATATGCGAT	1	0	chr3	160432477	160432544	false
ACCAAACGTTCTCACC	TTC28	ATTCTAGACCCT	1	0	chr22	28629469	28629558	false
ACCAAACGTTCTCACC	TTC9B	GCCTCCCTTAGT	1	0	chr19	40217203	40217292	false
ACCAAACGTTCTCACC	TVP23A	TTCTCTTTTTCC	1	0	chr16	10761043	10761107	false
ACCAAACGTTCTCACC	UNC119	GCCGGAGTTTGC	1	0	chr17	28552539	28552601	false
ACCAAACGTTCTCACC	UQCRH	TCACTCATATGT	1	0	chr1	46316598	46316687	true
ACCAAACGTTCTCACC	USMG5	ATTTAGTAAATG	2	2	chr10	103389122	103392235	false
ACCAAACGTTCTCACC	USP25	AGGACCCGATCA	1	0	chr21	15879906	15879995	true
ACCAAACGTTCTCACC	USP25	TGCAGTCCCCGG	1	0	chr21	15730167	15730226	true
ACCAAACGTTCTCACC	UTP6	CCCAGGCAGCTA	1	0	chr17	31889308	31889397	false
ACCAAACGTTCTCACC	VGLL4	CCGACGGACACA	1	0	chr3	11556215	11556304	false
ACCAAACGTTCTCACC	YBEY	TTGCTGGATTTA	1	1	chr21	46291410	46296198	true
ACCAAACGTTCTCACC	YEATS2	CTCAACATCATG	1	1	chr3	183697911	183715150	true
ACCAAACGTTCTCACC	YWHAH	GATATTGGGTCA	1	0	chr22	31944702	31944791	true
ACCAAACGTTCTCACC	ZC2HC1A	AGATGGAAATCC	1	0	chr8	78719357	78719416	true
ACCAAACGTTCTCACC	ZFP28	CCTTTTACTGTA	1	0	chr19	56539148	56539226	true
ACCAAACGTTCTCACC	ZFYVE16	ATGCAACTTCGG	2	0	chr5	80437722	80437818	true
ACCAAACGTTCTCACC	ZNF516	GTGATTGTGCGC	1	0	chr18	76362215	76362304	false
ACCAAACGTTCTCACC	ZNF528	CATCCGGACTTA	1	1	chr19	52397876	52398397	true
ACCAAACGTTCTCACC	ZRANB3	CTGACTGGATTC	1	0	chr2	135199780	135199869	false
