PREFIX	CELL_BARCODE	predClass	max.prob	doublet	DONOR	NUM_GENIC_READS	NUM_TRANSCRIPTS	NUM_GENES	bestSample	bestLikelihood	pvalue	num_retained_transcripts	pct_coding	pct_utr	pct_intergenic	pct_genic	pct_intronic	pct_mt	pct_ribosomal	frac_contamination	BRAINBANK	AGE	SEX	RACE	ETHNICITY	PMI	HBCAC.Status
rxn1	TTCTAACCAATTCGTG	glutamatergic	1.0	False	donor7	183875	85098	9952	donor7	-1501.5	5e-324	85098	0.0922	0.0575	0.067	0.1497	0.7823	0.001	0	0.0028357159596906	Maryland	49.0	Female	White	Not reported	24.0	non-HBCAC archival
rxn1	CTCCTCCGTTGGACTT	glutamatergic	1.0	False	donor11	184191	84071	9887	donor11	-1465.0	5e-324	84071	0.1023	0.0583	0.0641	0.1606	0.7743	0.001	0	0.0030476235651266	Pittsburgh	58.0	Male	White	Not Hispanic or Latino	14.37	non-HBCAC archival
rxn1	AATTTCCGTGGCTTGC	glutamatergic	1.0	False	donor14	167443	75596	9891	donor14	-1548.2	5e-324	75596	0.1496	0.121	0.0623	0.2706	0.6548	0.0124	0	0.0030332603592435	Pittsburgh	44.0	Male	Black or African-American	Not Hispanic or Latino	10.57	non-HBCAC archival
rxn1	CTGTAGAAGCTATCCA	glutamatergic	1.0	False	donor11	133341	60931	9429	donor11	-1015.1	5e-324	60931	0.111	0.073	0.0655	0.1841	0.7483	0.0021	0	0.0042978069745399	Pittsburgh	58.0	Male	White	Not Hispanic or Latino	14.37	non-HBCAC archival
rxn1	AAGGAATCAACAGCTT	glutamatergic	1.0	False	donor7	137069	60870	9170	donor7	-1060.6	5e-324	60870	0.0969	0.0614	0.0687	0.1583	0.7709	0.0022	0	0.0036990965038628	Maryland	49.0	Female	White	Not reported	24.0	non-HBCAC archival
rxn1	CTAACTTCACTGGACC	glutamatergic	1.0	False	donor15	132104	59619	9120	donor15	-1150.0	5e-324	59619	0.1021	0.0669	0.0728	0.169	0.7562	0.002	0	0.0056539577704393	Pittsburgh	18.0	Female	White	Not Hispanic or Latino	27.95	non-HBCAC archival
rxn1	CTTCTAAGTTGCAACT	glutamatergic	1.0	False	donor11	125192	59284	8093	donor11	-1050.7	5e-324	59284	0.0963	0.0556	0.0637	0.1519	0.784	0.0004	0	0.004784367708036	Pittsburgh	58.0	Male	White	Not Hispanic or Latino	14.37	non-HBCAC archival
rxn1	CGAGTTAAGATCCGAG	glutamatergic	1.0	False	donor10	131085	58989	8805	donor10	-1325.9	5e-324	58989	0.0931	0.0604	0.0776	0.1535	0.7688	0.0002	0	0.0044722719141323	Pittsburgh	42.0	Female	Black or African-American	Not Hispanic or Latino	9.6	non-HBCAC archival
rxn1	TCATTCATCTCGCTCA	gabaergic	1.0	False	donor1	126308	58487	7889	donor1	-1030.0	5e-324	58487	0.0938	0.0557	0.0607	0.1495	0.7884	0.0014	0	0.006100669544234							
rxn1	AGGTCTAGTGCCTGCA	glutamatergic	1.0	False	donor19	127271	57173	8707	donor19	-1010.2	5e-324	57173	0.0982	0.0544	0.0806	0.1526	0.7662	0.0007	0	0.0048215839860748	Pittsburgh	27.0	Male	White	Not Hispanic or Latino	14.52	non-HBCAC archival
rxn1	GTCAAACCAAACTAGA	glutamatergic	1.0	False	donor2	127814	56970	8962	donor2	-1174.7	5e-324	56970	0.1327	0.1017	0.0695	0.2344	0.6849	0.0111	0	0.0041776643535108	Maryland	46.0	Male	Black or African-American	Not_Hispanic_Latino	41.0	non-HBCAC archival
rxn1	ATGCCTCCAACTAGAA	glutamatergic	1.0	False	donor15	122907	56564	8052	donor15	-997.23	5e-324	56564	0.099	0.0563	0.0692	0.1553	0.7754	0.0001	0	0.0062369331857552	Pittsburgh	18.0	Female	White	Not Hispanic or Latino	27.95	non-HBCAC archival
rxn1	CTACAGAGTCCATACA	glutamatergic	1.0	False	donor11	124628	56467	8734	donor11	-991.26	5e-324	56467	0.0959	0.0625	0.0702	0.1583	0.771	0.0005	0	0.0041971607442024	Pittsburgh	58.0	Male	White	Not Hispanic or Latino	14.37	non-HBCAC archival
rxn1	TTCTGTACAATAGTAG	glutamatergic	1.0	False	donor1	107543	56119	7822	donor1	-932.34	5e-324	56119	0.0868	0.0598	0.0806	0.1466	0.7633	0.0094	0	0.0051762954033788							
rxn1	GGGTGTCAGGGAACAA	glutamatergic	1.0	False	donor16	130569	56010	8097	donor16	-953.0	5e-324	56010	0.0946	0.0679	0.0725	0.1625	0.7592	0.0058	0	0.0044967385315394	Pittsburgh	65.0	Male	White	Not Hispanic or Latino	23.72	non-HBCAC archival
rxn1	ACCAAACGTCTTAGTG	glutamatergic	1.0	False	donor13	124963	55541	8293	donor13	-998.61	5e-324	55541	0.1009	0.0627	0.0669	0.1635	0.7664	0.0031	0	0.0042489870558284	Pittsburgh	53.0	Male	White	Not Hispanic or Latino	21.63	non-HBCAC archival
rxn1	ATTCTTGAGAAGTATC	glutamatergic	1.0	False	donor1	96665	52275	7463	donor1	-855.61	5e-324	52275	0.0801	0.0501	0.0775	0.1302	0.7896	0.0027	0	0.0049680219278209							
rxn1	CCGCAAGAGTCTACCA	glutamatergic	1.0	False	donor10	113400	51245	8474	donor10	-1163.3	5e-324	51245	0.1041	0.058	0.0712	0.1621	0.7662	0.0004	0	0.006359917010839	Pittsburgh	42.0	Female	Black or African-American	Not Hispanic or Latino	9.6	non-HBCAC archival
rxn1	GTCTACCTCGTTAGAC	glutamatergic	1.0	False	donor7	107886	51203	8209	donor7	-857.22	5e-324	51203	0.1031	0.0661	0.0815	0.1692	0.7428	0.0065	0	0.0049168221393034	Maryland	49.0	Female	White	Not reported	24.0	non-HBCAC archival
rxn1	GCATTAGGTAGGAGGG	glutamatergic	1.0	False	donor14	112008	50555	8418	donor14	-1055.7	5e-324	50555	0.1122	0.0693	0.0659	0.1815	0.751	0.0016	0	0.0043524499763667	Pittsburgh	44.0	Male	Black or African-American	Not Hispanic or Latino	10.57	non-HBCAC archival
rxn1	CTAAGTGAGCATCAGG	glutamatergic	1.0	False	donor10	110234	49917	8217	donor10	-1169.0	5e-324	49917	0.0956	0.0546	0.0667	0.1502	0.7829	0.0003	0	0.0052014827215114	Pittsburgh	42.0	Female	Black or African-American	Not Hispanic or Latino	9.6	non-HBCAC archival
rxn1	ACTATGGGTGGAACAC	glutamatergic	1.0	False	donor18	111875	49370	8134	donor18	-879.67	5e-324	49370	0.1125	0.0682	0.0646	0.1807	0.7492	0.0056	0	0.0063199420336527	Pittsburgh	53.0	Male	White	Not Hispanic or Latino	22.73	non-HBCAC archival
rxn1	CTGTGAACACCACATA	glutamatergic	1.0	False	donor5	101690	47925	7661	donor5	-981.22	5e-324	47925	0.1113	0.0937	0.0706	0.205	0.7151	0.0093	0	0.005932256124121	Maryland	28.0	Female	Black or African-American	Not_Hispanic_Latino	32.0	non-HBCAC archival
rxn1	TTAATCCTCGACGTCG	glutamatergic	1.0	False	donor14	104657	47542	8462	donor14	-999.8	5e-324	47542	0.1058	0.0727	0.0709	0.1785	0.7493	0.0014	0	0.005314252238681	Pittsburgh	44.0	Male	Black or African-American	Not Hispanic or Latino	10.57	non-HBCAC archival
rxn1	CAATGACTCACTGGGC	glutamatergic	1.0	False	donor17	104862	47105	8465	donor17	-965.01	5e-324	47105	0.1328	0.098	0.0711	0.2309	0.6863	0.0118	0	0.0044804192996175	Pittsburgh	67.0	Male	Black or African-American	Not Hispanic or Latino	10.87	non-HBCAC archival
rxn1	GCACTAACATGACAAA	glutamatergic	1.0	False	donor18	105156	46695	7810	donor18	-894.77	5e-324	46695	0.1007	0.0626	0.0652	0.1633	0.7691	0.0025	0	0.0062567835025219	Pittsburgh	53.0	Male	White	Not Hispanic or Latino	22.73	non-HBCAC archival
rxn1	CTTACCGTCGTTGCCT	glutamatergic	1.0	False	donor10	97536	45421	8248	donor10	-1074.8	5e-324	45421	0.0935	0.0552	0.0682	0.1488	0.7823	0.0008	0	0.0060180322128851	Pittsburgh	42.0	Female	Black or African-American	Not Hispanic or Latino	9.6	non-HBCAC archival
rxn1	AACAAAGTCATTGCGA	glutamatergic	1.0	False	donor14	103499	45305	7975	donor14	-1004.6	5e-324	45305	0.1024	0.0657	0.0615	0.1681	0.7697	0.0007	0	0.0050729093464511	Pittsburgh	44.0	Male	Black or African-American	Not Hispanic or Latino	10.57	non-HBCAC archival
rxn1	CCCTCAAGTCCATAGT	glutamatergic	1.0	False	donor7	98908	45318	7976	donor7	-772.85	5e-324	45318	0.0996	0.0592	0.0772	0.1588	0.7629	0.0011	0	0.0047655649500384	Maryland	49.0	Female	White	Not reported	24.0	non-HBCAC archival
rxn1	TTCCTTCAGCACGATG	glutamatergic	1.0	False	donor12	92598	44816	7308	donor12	-703.81	5e-324	44816	0.1001	0.0669	0.0707	0.1671	0.7556	0.0066	0	0.005988555205607	Pittsburgh	41.0	Female	White	Not Hispanic or Latino	26.12	non-HBCAC archival
rxn1	AAGGTAACAAGTGCAG	glutamatergic	1.0	False	donor5	94649	44336	7685	donor5	-920.12	5e-324	44336	0.1243	0.1087	0.0599	0.2329	0.6743	0.0329	0	0.0068545316070068	Maryland	28.0	Female	Black or African-American	Not_Hispanic_Latino	32.0	non-HBCAC archival
rxn1	TGCTTGCTCACGACTA	glutamatergic	1.0	False	donor1	97841	44207	7614	donor1	-728.63	5e-324	44207	0.1024	0.0674	0.0646	0.1698	0.7609	0.0047	0	0.0047055115273775							
rxn1	TTCCGTGAGCACTCCG	glutamatergic	1.0	False	donor14	95147	42381	7977	donor14	-931.22	5e-324	42381	0.1225	0.0615	0.0622	0.184	0.753	0.0008	0	0.0059575466166295	Pittsburgh	44.0	Male	Black or African-American	Not Hispanic or Latino	10.57	non-HBCAC archival
rxn1	CGCGTGAAGACCAACG	glutamatergic	1.0	False	donor7	87171	42242	7667	donor7	-734.61	5e-324	42242	0.1027	0.0677	0.0774	0.1703	0.7326	0.0196	0	0.0060472011106144	Maryland	49.0	Female	White	Not reported	24.0	non-HBCAC archival
rxn1	TGATTTCGTCAGCTTA	glutamatergic	1.0	False	donor13	94252	42132	7866	donor13	-753.3	5e-324	42132	0.1123	0.0769	0.0618	0.1891	0.7465	0.0026	0	0.0060159954703092	Pittsburgh	53.0	Male	White	Not Hispanic or Latino	21.63	non-HBCAC archival
rxn1	CACACAATCCGCTGTT	glutamatergic	1.0	False	donor11	94531	41636	8204	donor11	-730.93	5e-324	41636	0.1043	0.0629	0.0709	0.1672	0.761	0.0009	0	0.0059923126507031	Pittsburgh	58.0	Male	White	Not Hispanic or Latino	14.37	non-HBCAC archival
rxn1	CATTCCGGTATGACAA	glutamatergic	1.0	False	donor13	92431	41154	7525	donor13	-742.45	5e-324	41154	0.0992	0.0587	0.0637	0.1579	0.7773	0.0011	0	0.0068536126260919	Pittsburgh	53.0	Male	White	Not Hispanic or Latino	21.63	non-HBCAC archival
rxn1	CTGTATTGTCTAACTG	glutamatergic	1.0	False	donor4	85880	40239	8042	donor4	-733.15	5e-324	40239	0.0963	0.0602	0.0923	0.1566	0.7508	0.0004	0	0.0081831850336446	Maryland	27.0	Male	White	Not_Hispanic_Latino	33.0	non-HBCAC archival
rxn1	GTCTAGAGTAGATGTA	glutamatergic	1.0	False	donor13	85965	40039	7435	donor13	-734.44	5e-324	40039	0.1045	0.0541	0.0699	0.1586	0.7707	0.0008	0	0.008297419131124	Pittsburgh	53.0	Male	White	Not Hispanic or Latino	21.63	non-HBCAC archival
rxn1	GATGATCCAATCTAGC	gabaergic	1.0	False	donor13	86047	39143	6752	donor13	-712.43	5e-324	39143	0.1007	0.0559	0.0599	0.1566	0.7832	0.0003	0	0.0101656340877482	Pittsburgh	53.0	Male	White	Not Hispanic or Latino	21.63	non-HBCAC archival
rxn1	AGGATAATCCCAGGCA	glutamatergic	1.0	False	donor16	87092	39271	7346	donor16	-727.32	5e-324	39271	0.1019	0.0734	0.0815	0.1753	0.741	0.0022	0	0.0068785878663733	Pittsburgh	65.0	Male	White	Not Hispanic or Latino	23.72	non-HBCAC archival
rxn1	CACTTCGCAGGGTCTC	glutamatergic	1.0	False	donor2	82929	38638	7181	donor2	-813.92	5e-324	38638	0.1247	0.1047	0.0604	0.2294	0.7029	0.0073	0	0.0071691034766298	Maryland	46.0	Male	Black or African-American	Not_Hispanic_Latino	41.0	non-HBCAC archival
rxn1	CAACAGTTCGAAGAAT	glutamatergic	1.0	False	donor6	87685	38265	7977	donor6	-647.21	5e-324	38265	0.1399	0.1078	0.0667	0.2477	0.6751	0.0106	0	0.0069293055123014	Maryland	47.0	Male	White	Not reported	22.0	non-HBCAC archival
rxn1	GCATGATGTTGTGTAC	glutamatergic	1.0	False	donor16	82530	37772	8212	donor16	-665.75	5e-324	37772	0.1635	0.1285	0.063	0.292	0.6257	0.0192	0	0.0062876535739654	Pittsburgh	65.0	Male	White	Not Hispanic or Latino	23.72	non-HBCAC archival
rxn1	GTTACCCCAGCTCATA	glutamatergic	1.0	False	donor7	81874	36985	7017	donor7	-642.41	5e-324	36985	0.1025	0.0593	0.0691	0.1618	0.7675	0.0015	0	0.0092153553537464	Maryland	49.0	Female	White	Not reported	24.0	non-HBCAC archival
rxn1	CGGACACAGGAATGTT	glutamatergic	1.0	False	donor15	84013	36911	7555	donor15	-686.43	5e-324	36911	0.1004	0.0574	0.0865	0.1578	0.7543	0.0014	0	0.0074753287262362	Pittsburgh	18.0	Female	White	Not Hispanic or Latino	27.95	non-HBCAC archival
rxn1	TCTACCGAGTCTAACC	glutamatergic	1.0	False	donor4	80877	36944	7908	donor4	-666.75	5e-324	36944	0.1106	0.0547	0.0959	0.1653	0.7384	0.0004	0	0.0061336489831055	Maryland	27.0	Male	White	Not_Hispanic_Latino	33.0	non-HBCAC archival
rxn1	TTCGATTTCCTGTAGA	gabaergic	1.0	False	donor19	79305	36421	7233	donor19	-652.99	5e-324	36421	0.1038	0.0769	0.0651	0.1807	0.7478	0.0065	0	0.0104064775567873	Pittsburgh	27.0	Male	White	Not Hispanic or Latino	14.52	non-HBCAC archival
rxn1	GACTCTCCATGGCCCA	gabaergic	1.0	False	donor16	79258	35847	7241	donor16	-598.91	5e-324	35847	0.1345	0.0815	0.0683	0.2161	0.7119	0.0038	0	0.0078602861808418	Pittsburgh	65.0	Male	White	Not Hispanic or Latino	23.72	non-HBCAC archival
rxn1	CTCATTAAGATCGGTG	glutamatergic	1.0	False	donor6	72684	35502	7182	donor6	-609.75	5e-324	35502	0.1133	0.0884	0.0662	0.2017	0.7272	0.0049	0	0.0074090642212094	Maryland	47.0	Male	White	Not reported	22.0	non-HBCAC archival
rxn1	GTCTCACGTGTAAATG	gabaergic	1.0	False	donor18	73760	35053	6641	donor18	-615.62	5e-324	35053	0.0962	0.059	0.0669	0.1552	0.7772	0.0007	0	0.0106686235217747	Pittsburgh	53.0	Male	White	Not Hispanic or Latino	22.73	non-HBCAC archival
rxn1	AGTCAACGTGGATGAC	glutamatergic	1.0	False	donor16	76145	35016	7429	donor16	-591.34	5e-324	35016	0.1152	0.0829	0.0908	0.198	0.7018	0.0094	0	0.007651759904778	Pittsburgh	65.0	Male	White	Not Hispanic or Latino	23.72	non-HBCAC archival
rxn1	GCCAGGTCAGCAGTAG	glutamatergic	1.0	False	donor5	73624	34997	6886	donor5	-703.69	5e-324	34997	0.1033	0.0644	0.0863	0.1676	0.7337	0.0124	0	0.0074588769143505	Maryland	28.0	Female	Black or African-American	Not_Hispanic_Latino	32.0	non-HBCAC archival
rxn1	AGTAGTCTCGGAGTAG	glutamatergic	1.0	False	donor9	74757	34571	6920	donor9	-606.88	5e-324	34571	0.1097	0.0707	0.0654	0.1804	0.7523	0.0018	0	0.0077779691177314	Maryland	43.0	Female	White	Not reported	18.0	non-HBCAC archival
rxn1	ACTATCTTCCGATGCG	gabaergic	1.0	False	donor10	76524	34368	7312	donor10	-806.02	5e-324	34368	0.1226	0.066	0.0591	0.1886	0.7511	0.0012	0	0.0113626556971492	Pittsburgh	42.0	Female	Black or African-American	Not Hispanic or Latino	9.6	non-HBCAC archival
rxn1	GTGACGCGTTTCTATC	glutamatergic	1.0	False	donor3	73965	34168	6812	donor3	-600.74	5e-324	34168	0.1042	0.0657	0.0727	0.1699	0.7549	0.0026	0	0.0086749644587577	Maryland	55.0	Male	White	Not_Hispanic_Latino	26.0	non-HBCAC archival
rxn1	ACGGGTCGTTTGAAAG	glutamatergic	1.0	False	donor2	72148	33719	6917	donor2	-704.88	5e-324	33719	0.1258	0.0978	0.0599	0.2235	0.7051	0.0114	0	0.0083230398211869	Maryland	46.0	Male	Black or African-American	Not_Hispanic_Latino	41.0	non-HBCAC archival
rxn1	CCTCAGTCAAGTGGGT	glutamatergic	1.0	False	donor14	74444	33648	7123	donor14	-730.52	5e-324	33648	0.1174	0.0762	0.0654	0.1935	0.7377	0.0033	0	0.0095955730853005	Pittsburgh	44.0	Male	Black or African-American	Not Hispanic or Latino	10.57	non-HBCAC archival
rxn1	GCTACAAAGAGTGAAG	glutamatergic	1.0	False	donor11	74849	33483	7605	donor11	-645.16	5e-324	33483	0.1028	0.0719	0.0637	0.1748	0.7607	0.0009	0	0.0077347083926031	Pittsburgh	58.0	Male	White	Not Hispanic or Latino	14.37	non-HBCAC archival
rxn1	CCGATCTGTGGCCTCA	gabaergic	1.0	False	donor16	67627	32474	6611	donor16	-581.1	5e-324	32474	0.1055	0.0804	0.0635	0.1859	0.7373	0.0133	0	0.0129183257849783	Pittsburgh	65.0	Male	White	Not Hispanic or Latino	23.72	non-HBCAC archival
rxn1	GATTCTTTCGAGAGCA	glutamatergic	1.0	False	donor2	67579	32486	6645	donor2	-692.01	5e-324	32486	0.1029	0.0719	0.0652	0.1748	0.7585	0.0015	0	0.0114417868662894	Maryland	46.0	Male	Black or African-American	Not_Hispanic_Latino	41.0	non-HBCAC archival
rxn1	GATGACTTCGCAACAT	gabaergic	0.999	False	donor14	72671	32348	6964	donor14	-703.97	5e-324	32348	0.1306	0.1264	0.0613	0.2571	0.6743	0.0073	0	0.0107645259938838	Pittsburgh	44.0	Male	Black or African-American	Not Hispanic or Latino	10.57	non-HBCAC archival
rxn1	GATGGAGCAAAGGCAC	glutamatergic	1.0	False	donor16	72290	32240	7136	donor16	-542.54	5e-324	32240	0.1224	0.0987	0.0725	0.2211	0.6997	0.0067	0	0.008213615528963	Pittsburgh	65.0	Male	White	Not Hispanic or Latino	23.72	non-HBCAC archival
rxn1	TGCTCCAAGGGAGTTC	glutamatergic	1.0	False	donor16	69397	32218	7066	donor16	-549.5	5e-324	32218	0.1274	0.0914	0.065	0.2187	0.7082	0.0081	0	0.0085854078838046	Pittsburgh	65.0	Male	White	Not Hispanic or Latino	23.72	non-HBCAC archival
rxn1	TAGTGCATCAGCTAGT	glutamatergic	1.0	False	donor16	72892	32172	7257	donor16	-563.61	5e-324	32172	0.1346	0.0991	0.0661	0.2337	0.6968	0.0034	0	0.0096961861667743	Pittsburgh	65.0	Male	White	Not Hispanic or Latino	23.72	non-HBCAC archival
rxn1	AAGTGAAGTGTCATCA	glutamatergic	1.0	False	donor8	70961	31606	6810	donor8	-747.18	5e-324	31606	0.1017	0.0598	0.0683	0.1615	0.7695	0.0007	0	0.0110763454317897	Maryland	32.0	Male	Black or African-American	Not reported	23.0	non-HBCAC archival
rxn1	TGCACGGGTTGCATTG	glutamatergic	1.0	False	donor7	71279	31458	6928	donor7	-603.82	5e-324	31458	0.1079	0.0695	0.0673	0.1775	0.7525	0.0027	0	0.0091968503937007	Maryland	49.0	Female	White	Not reported	24.0	non-HBCAC archival
rxn1	ATTTACCTCTTCCCAG	glutamatergic	1.0	False	donor10	67284	31341	7036	donor10	-754.89	5e-324	31341	0.1123	0.0564	0.0704	0.1687	0.7605	0.0004	0	0.0116367076631977	Pittsburgh	42.0	Female	Black or African-American	Not Hispanic or Latino	9.6	non-HBCAC archival
rxn1	AAGCGTTGTCTTCATT	glutamatergic	1.0	False	donor11	66513	31157	7054	donor11	-561.19	5e-324	31157	0.1116	0.0787	0.0594	0.1903	0.7473	0.003	0	0.0102919221117499	Pittsburgh	58.0	Male	White	Not Hispanic or Latino	14.37	non-HBCAC archival
rxn1	TGATTCTCACAGTCCG	glutamatergic	1.0	False	donor11	68421	30708	6773	donor11	-600.05	5e-324	30708	0.108	0.0762	0.0587	0.1842	0.7539	0.0032	0	0.0104408352668214	Pittsburgh	58.0	Male	White	Not Hispanic or Latino	14.37	non-HBCAC archival
rxn1	CAGGGCTAGATAGCAT	glutamatergic	1.0	False	donor12	62114	30600	6335	donor12	-511.59	5e-324	30600	0.0931	0.0573	0.0826	0.1503	0.7556	0.0116	0	0.0087784652262641	Pittsburgh	41.0	Female	White	Not Hispanic or Latino	26.12	non-HBCAC archival
rxn1	CCTCTCCTCGCCAATA	glutamatergic	1.0	False	donor10	66314	30422	6864	donor10	-690.71	5e-324	30422	0.1122	0.0545	0.0802	0.1667	0.753	0.0001	0	0.0103126321610982	Pittsburgh	42.0	Female	Black or African-American	Not Hispanic or Latino	9.6	non-HBCAC archival
rxn1	CGTTCTGGTAGTTAGA	glutamatergic	1.0	False	donor10	65868	30341	6813	donor10	-678.15	5e-324	30341	0.1117	0.0692	0.0658	0.181	0.7519	0.0013	0	0.0093381656708133	Pittsburgh	42.0	Female	Black or African-American	Not Hispanic or Latino	9.6	non-HBCAC archival
rxn1	ACGTCCTGTCAGGTGA	glutamatergic	1.0	False	donor9	61821	29789	6346	donor9	-492.97	5e-324	29789	0.1139	0.0736	0.0728	0.1874	0.7381	0.0017	0	0.0116456536164565	Maryland	43.0	Female	White	Not reported	18.0	non-HBCAC archival
rxn1	CAACGATCAGAGTGTG	glutamatergic	1.0	False	donor13	66470	29741	6861	donor13	-534.29	5e-324	29741	0.122	0.093	0.0691	0.215	0.7075	0.0084	0	0.0100522584295842	Pittsburgh	53.0	Male	White	Not Hispanic or Latino	21.63	non-HBCAC archival
rxn1	GCACGGTCAGGTGAGT	glutamatergic	1.0	False	donor11	64055	29484	6116	donor11	-551.01	5e-324	29484	0.1184	0.0777	0.0568	0.1961	0.746	0.0011	0	0.0142427281845536	Pittsburgh	58.0	Male	White	Not Hispanic or Latino	14.37	non-HBCAC archival
rxn1	TGAGGGAAGCTAATCC	glutamatergic	1.0	False	donor9	66177	29291	6666	donor9	-502.49	5e-324	29291	0.1183	0.0775	0.0759	0.1958	0.726	0.0023	0	0.0104391891891892	Maryland	43.0	Female	White	Not reported	18.0	non-HBCAC archival
rxn1	ATCCCTGAGCGCCTAC	glutamatergic	0.999	False	donor6	62836	28780	6737	donor6	-526.11	5e-324	28780	0.1303	0.0892	0.0601	0.2195	0.7184	0.0019	0	0.0117436989217774	Maryland	47.0	Male	White	Not reported	22.0	non-HBCAC archival
rxn1	CACACAACACGAAAGC	glutamatergic	1.0	False	donor18	65728	28363	6967	donor18	-532.77	5e-324	28363	0.1264	0.1035	0.0654	0.2299	0.6996	0.0052	0	0.0121207899411375	Pittsburgh	53.0	Male	White	Not Hispanic or Latino	22.73	non-HBCAC archival
rxn1	AGGGCCTTCATGGTAC	glutamatergic	1.0	False	donor6	61627	28175	7238	donor6	-534.06	5e-324	28175	0.1278	0.0702	0.0738	0.1979	0.7277	0.0005	0	0.0109870822802584	Maryland	47.0	Male	White	Not reported	22.0	non-HBCAC archival
rxn1	TACAACGTCAAATGAG	glutamatergic	1.0	False	donor4	61520	27777	6787	donor4	-556.12	5e-324	27777	0.1055	0.0689	0.0836	0.1744	0.739	0.003	0	0.0125137758185503	Maryland	27.0	Male	White	Not_Hispanic_Latino	33.0	non-HBCAC archival
rxn1	TTAGGCAGTTCAAGGG	glutamatergic	1.0	False	donor7	61675	27643	6612	donor7	-503.43	5e-324	27643	0.1163	0.0832	0.0613	0.1995	0.7326	0.0066	0	0.0105945094670532	Maryland	49.0	Female	White	Not reported	24.0	non-HBCAC archival
rxn1	CATCGGGTCTCTGCCA	glutamatergic	1.0	False	donor14	58974	27190	6217	donor14	-639.55	5e-324	27190	0.1168	0.0713	0.0639	0.1881	0.7454	0.0026	0	0.0143193764727206	Pittsburgh	44.0	Male	Black or African-American	Not Hispanic or Latino	10.57	non-HBCAC archival
rxn1	AGAACAAAGGACAACC	gabaergic	1.0	False	donor6	57123	26890	5921	donor6	-485.31	5e-324	26890	0.1044	0.0656	0.0677	0.17	0.7518	0.0105	0	0.0156673255728823	Maryland	47.0	Male	White	Not reported	22.0	non-HBCAC archival
rxn1	TGGGATTCAAGTCGTT	gabaergic	1.0	False	donor14	59830	26821	6083	donor14	-611.57	5e-324	26821	0.1069	0.0612	0.0591	0.1681	0.7715	0.0013	0	0.0175457875457875	Pittsburgh	44.0	Male	Black or African-American	Not Hispanic or Latino	10.57	non-HBCAC archival
rxn1	TGGGAGACAAAGAACT	glutamatergic	1.0	False	donor11	61298	26992	6718	donor11	-517.57	5e-324	26992	0.1027	0.0594	0.0628	0.1621	0.7744	0.0007	0	0.0101217544374358	Pittsburgh	58.0	Male	White	Not Hispanic or Latino	14.37	non-HBCAC archival
rxn1	GTTTGGAAGATACAGT	glutamatergic	1.0	False	donor15	57669	26767	6870	donor15	-514.8	5e-324	26767	0.1321	0.1079	0.0725	0.2399	0.6842	0.0034	0	0.0141431254834076	Pittsburgh	18.0	Female	White	Not Hispanic or Latino	27.95	non-HBCAC archival
rxn1	ATTTACCGTGACTGAG	gabaergic	1.0	False	donor11	57651	26556	6832	donor11	-485.14	5e-324	26556	0.1214	0.0654	0.0624	0.1868	0.7496	0.0012	0	0.0155693950177936	Pittsburgh	58.0	Male	White	Not Hispanic or Latino	14.37	non-HBCAC archival
rxn1	GAGTTGTCAGCTATTG	gabaergic	0.998	False	donor4	58283	26459	6704	donor4	-479.09	5e-324	26459	0.1118	0.0784	0.0998	0.1902	0.7045	0.0055	0	0.011654402151582	Maryland	27.0	Male	White	Not_Hispanic_Latino	33.0	non-HBCAC archival
rxn1	GCGTGCAAGCAGGCTA	glutamatergic	1.0	False	donor18	56769	26355	6249	donor18	-481.82	5e-324	26355	0.1214	0.071	0.066	0.1924	0.7398	0.0017	0	0.0151345291479821	Pittsburgh	53.0	Male	White	Not Hispanic or Latino	22.73	non-HBCAC archival
rxn1	GCCGTGATCCACCTGT	glutamatergic	1.0	False	donor7	55512	26205	6448	donor7	-455.85	5e-324	26205	0.1047	0.0605	0.069	0.1651	0.765	0.0008	0	0.013217352010845	Maryland	49.0	Female	White	Not reported	24.0	non-HBCAC archival
rxn1	CATGGTACACGCTGTG	glutamatergic	1.0	False	donor6	59224	26187	6494	donor6	-483.76	5e-324	26187	0.1419	0.0963	0.0662	0.2382	0.6951	0.0005	0	0.0112889828588688	Maryland	47.0	Male	White	Not reported	22.0	non-HBCAC archival
rxn1	TTCTAGTAGAGTTCGG	glutamatergic	1.0	False	donor11	54097	25908	6986	donor11	-461.22	5e-324	25908	0.1533	0.1323	0.068	0.2856	0.6273	0.0192	0	0.0130661689078512	Pittsburgh	58.0	Male	White	Not Hispanic or Latino	14.37	non-HBCAC archival
rxn1	AAACCCACACAGCTTA	gabaergic	1.0	False	donor16	57102	25734	5738	donor16	-449.83	5e-324	25734	0.128	0.1058	0.061	0.2338	0.6957	0.0095	0	0.0174862553451436	Pittsburgh	65.0	Male	White	Not Hispanic or Latino	23.72	non-HBCAC archival
rxn1	TAGGGTTAGTTCAACC	gabaergic	0.999	False	donor10	56449	25689	6089	donor10	-620.58	5e-324	25689	0.103	0.0713	0.0656	0.1742	0.7597	0.0005	0	0.0178168610208373	Pittsburgh	42.0	Female	Black or African-American	Not Hispanic or Latino	9.6	non-HBCAC archival
rxn1	TCAGTCCCAAGCGCAA	glutamatergic	1.0	False	donor16	59196	25811	6631	donor16	-425.13	5e-324	25811	0.1388	0.0929	0.0695	0.2317	0.6943	0.0045	0	0.0114515511298353	Pittsburgh	65.0	Male	White	Not Hispanic or Latino	23.72	non-HBCAC archival
rxn1	GTTATGGTCCGTGGCA	glutamatergic	1.0	False	donor18	56151	25249	6801	donor18	-474.05	5e-324	25249	0.1521	0.114	0.058	0.2661	0.6662	0.0097	0	0.0123606493252494	Pittsburgh	53.0	Male	White	Not Hispanic or Latino	22.73	non-HBCAC archival
rxn1	ATTCTTGAGTCCGCGT	glutamatergic	1.0	False	donor17	53483	25197	6774	donor17	-533.79	5e-324	25197	0.1365	0.109	0.0694	0.2455	0.6793	0.0059	0	0.0119598462865658	Pittsburgh	67.0	Male	Black or African-American	Not Hispanic or Latino	10.87	non-HBCAC archival
rxn1	ACCGTTCTCCGCGATG	glutamatergic	1.0	False	donor17	56450	25083	6124	donor17	-548.67	5e-324	25083	0.1278	0.0735	0.0601	0.2013	0.7365	0.002	0	0.0136065122497936	Pittsburgh	67.0	Male	Black or African-American	Not Hispanic or Latino	10.87	non-HBCAC archival
